,2t,2d,sp,r_sur,rh_sur
No Finetuning,1.163380742073059,1.3617496490478516,276.1885986328125,0.70667964220047,3.905808687210083
Default Finetuning,1.0393633842468262,1.3215612173080444,293.9124450683594,0.6613472700119019,3.999163866043091
PINNLoss Finetuning,1.122062087059021,1.3324081897735596,283.2857360839844,0.68492192029953,3.7866642475128174
