,2t,2d,sp,r_sur,rh_sur
Default Finetuning,-0.018634796142578125,-0.021237611770629883,-0.12716364860534668,-0.015273213386535645,-0.012017250061035156
PINNLoss Finetuning,-0.10757362842559814,-0.07927680015563965,-0.09308552742004395,-0.06367361545562744,-0.044391632080078125
