,2t,2d,sp,r_sur,rh_sur
Default Finetuning,0.01959890127182007,-0.0324321985244751,-0.29887688159942627,0.04251587390899658,-0.03980851173400879
PINNLoss Finetuning,-0.08338117599487305,-0.10273337364196777,-0.19337749481201172,-0.025879979133605957,-0.09130251407623291
