,2t,2d,sp,r_sur,rh_sur
Default Finetuning,0.16483807563781738,0.07131218910217285,-0.2468700408935547,-0.1695488691329956,-0.198958158493042
PINNLoss Finetuning,0.05181765556335449,0.0003986358642578125,0.0662040114402771,-0.02735912799835205,-0.023441791534423828
