,2t,2d,sp,r_sur,rh_sur
Default Finetuning,-0.026964426040649414,-0.02963399887084961,-0.1251286268234253,-0.03263723850250244,-0.03447079658508301
PINNLoss Finetuning,-0.10599136352539062,-0.08089232444763184,-0.09276843070983887,-0.07419216632843018,-0.05862891674041748
