,2t,2d,sp,r_sur,rh_sur
Default Finetuning,-0.018634796142578125,-0.021237611770629883,-0.12716364860534668,-0.015273213386535645,-0.012017250061035156
PINNLoss Finetuning,0.07484233379364014,0.061653733253479004,-0.019344210624694824,0.0595359206199646,0.06176400184631348
